Date,Order Number,Purchase Order Number,Cart Name,Status
12/2/2024,89958897,,,Shipped
10/22/2024,89321265,,,Shipped
10/8/2024,89091843,,,Shipped
8/3/2024,88064886,,,Shipped
2/21/2024,85531273,,,Shipped
12/18/2023,84602158,,,Shipped
11/20/2023,84190208,,,Shipped
11/15/2023,84118562,,,Shipped
11/8/2023,84013997,,,Shipped
10/30/2023,83857233,,,Shipped
4/18/2023,81033363,,,Shipped
11/24/2022,78882233,,,Shipped
10/26/2022,78441024,,,Shipped
10/19/2022,78327428,,,Shipped
10/16/2022,78276090,,,Shipped
5/12/2022,75808883,,,Shipped
1/28/2022,74000689,,,Shipped
