Index,DigiKey Part #,Manufacturer Part Number,Description,Customer Reference,Quantity,Backorder,Unit Price,Extended Price
1,CKN10244CT-ND,KMR221NG LFS,SWITCH TACTILE SPST-NO 0.05A 32V,,10,0,$0.44000,$4.40
2,160-1446-1-ND,LTST-C191KGKT,LED GREEN CLEAR SMD,,10,0,$0.14100,$1.41
3,160-1447-1-ND,LTST-C191KRKT,LED RED CLEAR SMD,,10,0,$0.14100,$1.41
4,1276-1043-1-ND,CL05A104KA5NNNC,CAP CER 0.1UF 25V X5R 0402,,100,0,$0.00450,$0.45
5,1276-1119-1-ND,CL10A106MQ8NNNC,CAP CER 10UF 6.3V X5R 0603,,10,0,$0.08300,$0.83
6,1276-1102-1-ND,CL10A105KA8NNNC,CAP CER 1UF 25V X5R 0603,,100,0,$0.01400,$1.40
7,1276-2247-1-ND,CL10C270JB81PNC,CAP CER 27PF 50V C0G/NP0 0603,,50,0,$0.02500,$1.25
8,BAT60AE6327HTSA1CT-ND,BAT60AE6327HTSA1,DIODE SCHOTTKY 10V 3A SOD323-2,,10,0,$0.40900,$4.09
9,311-5.1KGRCT-ND,RC0603JR-075K1L,RES 5.1K OHM 5% 1/10W 0603,,100,0,$0.00700,$0.70
10,311-27GRCT-ND,RC0603JR-0727RL,RES 27 OHM 5% 1/10W 0603,,100,0,$0.00700,$0.70
11,311-200GRCT-ND,RC0603JR-07200RL,RES 200 OHM 5% 1/10W 0603,,100,0,$0.00700,$0.70
12,13-RC0603JR-131KLCT-ND,RC0603JR-131KL,RES 1K OHM 5% 1/10W 0603,,100,0,$0.00700,$0.70
13,13-RC0603JR-1310KLCT-ND,RC0603JR-1310KL,RES 10K OHM 5% 1/10W 0603,,100,0,$0.00700,$0.70
14,2073-USB4085-GF-ACT-ND,USB4085-GF-A,CONN RCPT USB2.0 TYPE C 16+8POS,,10,0,$0.79200,$7.92
15,2648-SC0914(7)CT-ND,SC0914(7),IC MCU 32BIT EXT MEM 56QFN,,5,0,$1.00000,$5.00
16,AP2112M-3.3TRG1DICT-ND,AP2112M-3.3TRG1,IC REG LINEAR 3.3V 600MA 8SOIC,,10,0,$0.36100,$3.61
17,W25Q128JVPIQ-ND,W25Q128JVPIQ,IC FLASH 128MBIT SPI/QUAD 8WSON,,5,0,$1.76000,$8.80
18,CTX1162CT-ND,445C25D12M00000,CRYSTAL 12.0000MHZ 18PF SMD,,5,0,$0.68000,$3.40
,,,,,,,Subtotal,$47.47
