current,new
D_LA0,D_RBK1
D_LA1,D_LA1
D_LA2,D_RA1
D_LA3,D_LBK1
D_LNUM0,D_RSP1
D_LNUM1,D_LSP1
D_LP0,D_LN1
D_LP1,D_RN1
D_LR0,D_LI1
D_LR1,D_LR1
D_LR2,D_RR1
D_LR3,D_RI1
D_LS0,D_LS1
D_LS1,D_LE1
D_LS2,D_RS1
D_LS3,D_RE1
D_LT0,D_LO1
D_LT1,D_RO1
D_LW0,D_LT1
D_LW1,D_RT1
SW_LA1,SW_LA1
SW_LA2,SW_RA1
SW_LN1,SW_LN1
SW_LN2,SW_RN1
SW_LO1,SW_LO1
SW_LO2,SW_RO1
SW_LR1,SW_LR1
SW_LR2,SW_RR1
SW_LS1,SW_LS1
SW_LS2,SW_RS1
SW_LSP1,SW_LSP1
SW_LSP2,SW_RSP1
SW_LT1,SW_LT1
SW_LT2,SW_RT1
S_LBK1,SW_LBK1
S_LBK2,SW_RBK1
S_LE1,SW_LE1
S_LE2,SW_RE1
S_LI1,SW_LI1
S_LI2,SW_RI1
