Designator,Mid X,Mid Y,Rotation,Layer
A1,135.0,-59.7251,270.0,top
D_LA1,40.1445,-57.996,297.1,bottom
D_LBK1,114.3865,-118.212,311.6,bottom
D_LE1,100.5915,-71.897,32.0,bottom
D_LI1,109.5985,-57.478,32.0,bottom
D_LN1,87.4915,-33.852,7.199999999999989,bottom
D_LO1,65.272499,-52.244,357.5,bottom
D_LR1,25.0215,-50.244,297.1,bottom
D_LS1,64.519499,-35.265,357.5,bottom
D_LSP1,100.9325,-106.249,311.6,bottom
D_LT1,85.3635,-50.722,7.199999999999989,bottom
D_RA1,229.8555,-57.996,62.900000000000006,bottom
D_RBK1,155.6135,-118.212,48.400000000000006,bottom
D_RE1,169.4085,-71.897,328.0,bottom
D_RI1,160.4015,-57.478,328.0,bottom
D_RN1,182.5085,-33.852,352.8,bottom
D_RO1,204.7275,-52.244,2.5,bottom
D_RR1,244.9785,-50.244,62.900000000000006,bottom
D_RS1,205.4805,-35.265,2.5,bottom
D_RSP1,169.0675,-106.249,48.400000000000006,bottom
D_RT1,184.6365,-50.722,352.8,bottom
H1,45.0,-39.0,0.0,top
H2,225.0,-39.0,0.0,top
H3,75.0,-72.0,0.0,top
H4,195.0,-72.0,0.0,top
H5,119.0,-105.0,0.0,top
H6,151.0,-105.0,0.0,top
J2,115.635,-90.653925,270.0,top
LED1,130.65,-91.9,0.0,top
LED2,139.65,-91.9,0.0,top
LED3,130.65,-100.9,0.0,top
LED4,139.65,-100.9,0.0,top
RESET1,127.0,-85.0,0.0,top
SW_LA1,44.97727343872535,-62.279512329651446,62.9,top
SW_LBK1,117.9916974488421,-123.56994668078471,48.4,top
SW_LE1,95.91051976799943,-76.34580269533392,328.0,top
SW_LI1,104.91751976799942,-61.92680269533391,328.0,top
SW_LN1,85.1085337664962,-39.854445744688164,352.8,top
SW_LO1,63.93406347758661,-58.56135570139806,2.5,top
SW_LR1,29.854273438725343,-54.52851232965145,62.9,top
SW_LS1,63.18206347758661,-41.58235570139806,2.5,top
SW_LSP1,104.53819744884211,-111.60694668078472,48.4,top
SW_LT1,82.9805337664962,-56.72444574468816,352.8,top
SW_RA1,225.5145,-60.217,297.1,top
SW_RBK1,151.968,-121.45,311.6,top
SW_RE1,171.9925,-76.032,32.0,top
SW_RI1,162.9855,-61.613,32.0,top
SW_RN1,183.1195,-38.69,7.2,top
SW_RO1,204.5155,-57.115,357.5,top
SW_RR1,240.6375,-52.466,297.1,top
SW_RS1,205.2675,-40.136,357.5,top
SW_RSP1,165.4215,-109.487,311.6,top
SW_RT1,185.2475,-55.56,7.2,top
